Cluster,Gender,Age,Annual Income (k$),Spending Score (1-100),PCA1,PCA2
0,0.6179775280898876,46.21348314606742,47.71910112359551,41.79775280898876,-15.554202082702812,-4.5941880231302195
1,0.5454545454545454,32.45454545454545,108.18181818181819,82.72727272727273,54.806617718361785,18.992161509065898
2,0.5172413793103449,24.689655172413794,29.586206896551722,73.65517241379311,2.880075132768009,-40.35403910581141
3,0.47368421052631576,40.39473684210526,87.0,18.63157894736842,-9.541837868173232,39.69316903382758
4,0.5454545454545454,31.78787878787879,76.0909090909091,77.75757575757575,32.13693486663278,-4.184979750243991
